,ticker,cc_return,bh_return,vs_bh,final_value,premium_total,weeks,exercised,exercise_pct,max_drawdown
1,NVDA,1049.01,1425.27,-376.26,114900.92,74095.43,261,57,21.8,57.39
2,FIX,982.7,2247.94,-1265.23,108270.49,46571.52,261,41,15.7,38.35
3,WDC,673.61,735.44,-61.83,77360.75,30873.11,261,47,18.0,57.12
4,STX,639.55,787.58,-148.03,73955.45,29486.13,261,43,16.5,53.42
5,TRGP,610.19,687.97,-77.78,71019.15,16455.76,261,37,14.2,29.74
6,VRT,574.9,1343.06,-768.16,67489.93,47671.06,261,67,25.7,69.22
7,LITE,569.06,1016.41,-447.35,66905.81,49733.45,261,55,21.1,57.62
8,PWR,551.64,701.78,-150.14,65164.48,19544.06,261,36,13.8,28.31
9,VST,535.48,816.51,-281.03,63547.86,78496.68,261,45,17.2,44.82
10,AVGO,504.52,921.99,-417.47,60451.7,36707.76,261,37,14.2,34.02
11,CIEN,502.48,882.08,-379.61,60247.51,27407.27,261,48,18.4,50.58
12,EME,454.12,632.33,-178.21,55411.55,17207.61,261,31,11.9,29.76
13,HWM,445.2,671.74,-226.54,54519.83,13365.12,261,28,10.7,23.36
14,MPWR,406.12,364.36,41.76,50611.63,39917.99,261,52,19.9,43.7
15,KLAC,401.59,488.92,-87.33,50159.22,25926.86,261,46,17.6,37.62
16,JBL,392.55,534.27,-141.71,49255.41,18526.4,261,41,15.7,30.38
17,MU,353.89,761.35,-407.46,45389.06,28194.72,261,56,21.5,55.19
18,MPC,351.81,387.87,-36.06,45180.93,13851.87,261,38,14.6,41.9
19,NRG,335.57,322.25,13.32,43556.63,33475.76,261,34,13.0,30.89
20,GE,325.76,349.78,-24.02,42576.13,10489.66,261,27,10.3,43.41
21,LLY,321.93,419.13,-97.2,42193.17,17885.21,261,30,11.5,37.18
22,IBKR,311.41,430.5,-119.09,41140.87,13466.58,261,32,12.3,35.22
23,VLO,309.53,294.23,15.3,40953.17,15943.69,261,39,14.9,38.19
24,DELL,301.68,423.41,-121.73,40167.96,28146.16,261,42,16.1,52.86
25,COHR,293.69,450.66,-156.97,39368.56,32197.95,261,63,24.1,61.5
26,WMB,272.56,273.66,-1.09,37256.26,3874.57,261,17,6.5,20.83
27,CBOE,269.78,248.84,20.94,36977.89,2505.94,261,3,1.1,19.94
28,APH,268.75,282.73,-13.98,36874.75,13219.94,261,20,7.7,27.65
29,GLW,265.58,366.75,-101.17,36557.51,12636.89,261,25,9.6,41.11
30,SMCI,264.41,759.33,-494.93,36440.5,195812.47,261,72,27.6,75.52
31,MCK,258.42,298.23,-39.81,35841.67,6335.14,261,11,4.2,26.63
32,RL,257.03,196.69,60.34,35702.94,13464.42,261,28,10.7,33.71
33,LRCX,256.97,367.82,-110.85,35696.7,19768.34,261,51,19.5,58.19
34,FANG,253.87,232.13,21.74,35387.24,18783.47,261,38,14.6,44.41
35,TPR,253.12,241.44,11.69,35312.12,15464.1,261,37,14.2,39.49
36,SATS,245.69,415.68,-169.99,34569.23,28601.06,261,52,19.9,65.42
37,CAT,240.77,302.08,-61.3,34077.02,6716.04,261,32,12.3,33.64
38,ANET,240.25,574.95,-334.7,34024.52,33077.93,261,58,22.2,47.67
39,TKO,236.37,281.31,-44.94,33637.31,11006.71,261,22,8.4,28.58
40,BK,235.24,209.97,25.27,33524.08,3249.15,261,10,3.8,37.54
41,ON,228.22,184.01,44.2,32821.53,38847.47,261,51,19.5,58.11
42,CASY,224.67,301.49,-76.82,32467.19,4207.78,261,21,8.0,19.38
43,XOM,224.26,227.81,-3.54,32426.33,5748.49,261,17,6.5,18.76
44,WAB,219.91,241.23,-21.32,31991.36,4840.02,261,17,6.5,21.3
45,AMD,214.1,439.32,-225.22,31410.02,34258.54,261,60,23.0,57.63
46,COST,208.7,196.22,12.48,30869.9,3011.44,261,9,3.4,30.56
47,CAH,208.7,292.98,-84.28,30869.91,4723.88,261,15,5.7,20.17
48,WELL,208.14,227.46,-19.32,30813.82,2489.73,261,12,4.6,40.36
49,EQT,207.81,179.44,28.37,30781.28,22649.36,261,43,16.5,35.11
50,CMI,206.51,197.73,8.79,30651.11,5333.99,261,15,5.7,29.55
51,PANW,203.73,333.55,-129.82,30372.98,20178.04,261,39,14.9,34.38
52,AMAT,191.11,231.2,-40.09,29110.52,17313.06,261,48,18.4,51.81
53,WMT,190.44,199.38,-8.94,29044.34,2554.42,261,10,3.8,25.17
54,BKR,189.28,195.98,-6.7,28928.05,11442.73,261,27,10.3,43.68
55,EXE,189.18,148.03,41.16,28918.3,14898.95,261,27,10.3,26.97
56,COP,187.23,168.73,18.5,28722.77,11775.11,261,27,10.3,35.97
57,ADI,187.03,186.11,0.92,28702.62,7938.58,261,28,10.7,32.38
58,STLD,180.56,298.69,-118.13,28056.06,12682.8,261,42,16.1,31.59
59,IRM,178.01,252.64,-74.63,27801.19,8092.18,261,32,12.3,35.8
60,GOOG,174.88,236.44,-61.56,27487.57,6127.43,261,28,10.7,40.18
61,GOOGL,174.26,246.97,-72.71,27426.12,6265.39,261,29,11.1,40.3
62,ETN,173.46,187.92,-14.46,27345.77,8738.03,261,27,10.3,29.38
63,APA,171.61,125.17,46.44,27161.1,27361.77,261,52,19.9,59.22
64,PH,163.5,200.06,-36.56,26349.69,5902.33,261,24,9.2,28.85
65,OKE,159.88,130.13,29.74,25987.85,6374.52,261,17,6.5,36.15
66,GS,159.83,196.61,-36.78,25982.54,4838.11,261,24,9.2,30.24
67,DVN,159.19,153.06,6.13,25919.44,24847.79,261,40,15.3,55.4
68,ETR,157.27,147.57,9.7,25727.41,2474.52,261,11,4.2,21.87
69,TJX,156.2,139.87,16.33,25620.05,2162.47,261,9,3.4,24.29
70,STT,156.06,114.18,41.88,25606.12,5771.16,261,21,8.0,35.27
71,HLT,155.13,167.28,-12.14,25513.22,4393.1,261,22,8.4,31.82
72,ARES,154.15,177.5,-23.35,25415.09,16654.08,261,37,14.2,42.54
73,HUBB,153.54,170.69,-17.14,25354.38,7422.47,261,17,6.5,32.71
74,PSX,153.49,156.06,-2.57,25348.71,8718.58,261,32,12.3,40.33
75,TDG,152.9,135.71,17.19,25290.01,6178.52,261,19,7.3,24.57
76,ORLY,152.22,151.79,0.43,25222.3,2679.26,261,10,3.8,21.48
77,HIG,152.03,130.02,22.01,25202.91,2290.37,261,5,1.9,18.99
78,FTNT,151.94,197.9,-45.96,25194.12,19941.94,261,36,13.8,34.34
79,TER,151.84,158.65,-6.81,25184.35,20718.89,261,46,17.6,51.96
80,EOG,149.01,127.25,21.75,24900.55,10742.59,261,25,9.6,30.05
81,PM,147.83,149.26,-1.43,24783.16,2781.03,261,11,4.2,22.02
82,HPE,146.26,137.06,9.2,24625.52,11024.93,261,34,13.0,43.87
83,CVX,145.79,130.39,15.4,24579.04,4069.92,261,11,4.2,23.57
84,CSCO,145.67,159.52,-13.85,24567.05,2756.69,261,9,3.4,34.4
85,ACGL,143.42,150.36,-6.94,24342.13,3963.29,261,11,4.2,22.57
86,MAR,141.2,168.5,-27.3,24119.57,5468.18,261,21,8.0,30.62
87,NUE,140.85,141.67,-0.81,24085.42,12093.32,261,36,13.8,43.83
88,KMI,138.06,138.14,-0.08,23806.31,2327.4,261,12,4.6,20.15
89,AFL,135.41,137.72,-2.32,23540.68,1846.19,261,10,3.8,20.74
90,CF,135.31,167.28,-31.97,23530.77,14768.74,261,36,13.8,44.81
91,MS,134.59,161.78,-27.19,23458.97,5020.54,261,20,7.7,33.32
92,APP,133.38,655.65,-522.27,23337.71,41907.04,253,79,31.2,88.27
93,VRTX,131.62,101.55,30.07,23161.97,7542.9,261,14,5.4,26.3
94,CEG,131.44,306.04,-174.6,23144.09,28300.46,213,37,17.4,43.53
95,OXY,130.66,155.05,-24.39,23066.07,19503.56,261,32,12.3,45.97
96,PGR,129.2,123.59,5.6,22919.72,4117.79,261,18,6.9,29.18
97,GWW,128.07,192.83,-64.76,22807.33,3404.93,261,16,6.1,25.94
98,AAPL,125.84,140.01,-14.17,22583.59,4979.24,261,17,6.5,33.34
99,RTX,125.66,129.5,-3.85,22565.55,3164.25,261,11,4.2,30.68
100,SYF,124.83,73.57,51.26,22482.67,10212.14,261,26,10.0,37.92
101,TPL,123.7,138.45,-14.75,22370.35,27801.25,261,45,17.2,46.77
102,WRB,123.24,121.97,1.27,22324.35,2758.9,261,9,3.4,24.26
103,AZO,123.16,128.69,-5.53,22315.55,3511.96,261,9,3.4,24.65
104,LYV,121.25,89.53,31.71,22124.63,9422.21,261,24,9.2,39.4
105,FFIV,121.14,105.2,15.95,22114.41,6020.3,261,17,6.5,42.61
106,NI,120.99,116.72,4.28,22099.36,1374.87,261,9,3.4,23.88
107,PCAR,120.49,121.94,-1.45,22049.4,4275.83,261,15,5.7,24.93
108,COR,120.47,137.31,-16.85,22046.53,2696.65,261,13,5.0,31.83
109,CB,120.29,113.01,7.28,22029.25,1534.34,261,8,3.1,18.72
110,CDNS,119.21,176.24,-57.03,21921.35,12964.08,261,39,14.9,33.47
111,ORCL,118.74,153.64,-34.9,21873.92,19492.87,261,30,11.5,54.44
112,ABBV,117.73,115.69,2.04,21773.45,3303.05,261,11,4.2,22.95
113,DECK,114.65,82.4,32.25,21465.24,24635.26,261,32,12.3,50.37
114,JPM,113.8,112.17,1.63,21380.07,2941.93,261,14,5.4,37.37
115,MO,112.18,117.42,-5.24,21218.25,1640.71,261,10,3.8,23.97
116,RSG,112.18,108.97,3.21,21217.69,1006.06,261,5,1.9,21.85
117,FOXA,111.26,88.61,22.65,21125.96,3924.59,261,14,5.4,34.66
118,GL,111.09,56.8,54.29,21108.82,6372.31,261,12,4.6,61.56
119,CRH,110.91,133.5,-22.58,21091.39,7209.53,261,29,11.1,37.83
120,CRWD,110.87,203.3,-92.43,21087.29,20175.77,261,53,20.3,64.66
121,URI,110.65,206.76,-96.11,21064.64,13505.88,261,38,14.6,40.52
122,WSM,110.17,127.8,-17.62,21017.4,17072.5,261,33,12.6,48.93
123,TRV,109.93,112.64,-2.71,20992.95,2083.26,261,8,3.1,19.51
124,HCA,107.85,113.88,-6.03,20785.13,6122.58,261,19,7.3,34.57
125,MSI,107.84,114.33,-6.49,20784.5,2822.77,261,11,4.2,25.69
126,RCL,107.12,205.22,-98.1,20712.14,18356.14,261,56,21.5,63.27
127,HAL,106.95,109.77,-2.83,20694.69,16383.02,261,41,15.7,52.43
128,ATO,106.77,105.69,1.08,20677.47,809.91,261,7,2.7,18.7
129,CTVA,105.83,93.51,12.32,20583.0,4348.06,261,11,4.2,33.68
130,PLTR,102.97,555.7,-452.73,20297.16,31018.12,261,70,26.8,76.99
131,GILD,102.7,125.27,-22.58,20269.72,3053.04,261,10,3.8,24.86
132,CTAS,102.11,109.26,-7.15,20210.72,2932.03,261,13,5.0,26.78
133,PFG,101.4,88.69,12.71,20139.9,3993.45,261,12,4.6,25.46
134,TT,100.65,171.51,-70.85,20065.11,4348.14,261,25,9.6,38.63
135,CNP,100.18,90.59,9.59,20017.81,1103.19,261,7,2.7,22.42
136,WFC,99.95,83.44,16.52,19995.44,6474.36,261,23,8.8,32.65
137,APO,99.8,160.22,-60.43,19979.57,12634.86,261,41,15.7,43.83
138,L,99.17,90.4,8.77,19917.1,1220.59,261,5,1.9,25.72
139,SNPS,97.3,103.68,-6.38,19730.13,16623.98,261,38,14.6,41.65
140,SLB,96.83,100.5,-3.67,19682.64,12505.66,261,41,15.7,46.36
141,SPG,95.53,113.37,-17.84,19552.75,3556.93,261,21,8.0,45.28
142,FOX,95.53,75.05,20.47,19552.75,3446.4,261,12,4.6,31.97
143,AMP,94.08,100.77,-6.69,19407.68,5331.38,261,17,6.5,29.25
144,ALL,92.27,83.4,8.87,19227.04,3148.99,261,14,5.4,25.08
145,AIZ,91.48,79.14,12.34,19147.63,3088.78,261,12,4.6,40.51
146,ROST,90.17,82.19,7.98,19017.07,4272.26,261,16,6.1,39.5
147,KEYS,90.02,141.42,-51.4,19002.45,7085.66,261,24,9.2,42.57
148,GD,88.85,101.96,-13.11,18884.92,1743.89,261,9,3.4,21.76
149,IBM,88.64,96.93,-8.29,18864.05,5100.39,261,13,5.0,29.83
150,AIG,87.97,73.68,14.3,18797.21,4301.02,261,16,6.1,25.96
151,JCI,87.57,134.93,-47.36,18756.67,4229.18,261,21,8.0,41.68
152,VTR,87.17,92.01,-4.84,18716.72,2394.2,261,15,5.7,40.16
153,MNST,86.23,91.44,-5.2,18623.45,2500.35,261,8,3.1,26.64
154,C,86.16,91.0,-4.84,18615.59,4005.1,261,24,9.2,44.78
155,META,85.54,93.34,-7.8,18553.85,13186.35,261,36,13.8,67.37
156,HII,85.35,72.93,12.42,18535.36,6779.84,261,15,5.7,35.75
157,LIN,85.32,83.43,1.89,18532.39,1627.23,261,7,2.7,20.73
158,AXP,84.31,113.31,-29.0,18430.92,5489.98,261,32,12.3,32.42
159,AEP,83.13,77.31,5.82,18313.21,1097.61,261,5,1.9,26.94
160,NTRS,82.05,62.65,19.41,18205.44,4266.42,261,18,6.9,44.52
161,RJF,81.14,86.96,-5.82,18113.64,4898.3,261,20,7.7,29.19
162,CHRW,80.3,97.6,-17.3,18030.13,7258.21,261,20,7.7,35.01
163,FSLR,80.04,204.85,-124.82,18003.77,26831.18,261,53,20.3,58.54
164,NDAQ,79.88,81.87,-1.99,17987.79,2800.98,261,15,5.7,33.21
165,ODFL,78.38,58.1,20.28,17838.13,10529.58,261,32,12.3,38.61
166,SO,77.26,74.5,2.76,17725.66,831.51,261,5,1.9,22.9
167,EBAY,75.95,110.01,-34.06,17594.75,6198.4,261,28,10.7,52.34
168,KO,74.7,72.45,2.25,17470.14,469.77,261,2,0.8,17.26
169,DVA,74.67,62.13,12.53,17466.61,8789.68,261,20,7.7,41.94
170,PKG,74.43,63.5,10.93,17443.39,3326.88,261,11,4.2,29.11
171,KKR,73.06,80.74,-7.68,17306.38,13636.06,261,37,14.2,44.44
172,BG,73.05,65.81,7.25,17305.49,5400.65,261,20,7.7,36.86
173,AMZN,72.69,63.11,9.58,17268.9,7538.84,261,29,11.1,52.09
174,MET,72.56,47.07,25.49,17255.66,3435.18,261,11,4.2,32.78
175,HOOD,72.49,117.69,-45.2,17249.41,28551.25,238,66,27.7,74.13
176,CME,72.36,74.08,-1.72,17236.02,932.37,261,8,3.1,30.65
177,CINF,71.09,56.57,14.52,17109.25,3261.28,261,13,5.0,31.56
178,BRK-B,70.7,70.33,0.37,17069.59,786.08,261,4,1.5,25.6
179,JBHT,70.58,61.24,9.34,17057.93,5784.14,261,20,7.7,38.36
180,ROL,70.39,66.2,4.19,17038.59,3151.6,261,8,3.1,24.72
181,AME,70.32,76.1,-5.78,17031.84,1712.59,261,12,4.6,26.83
182,ROK,70.3,83.12,-12.82,17030.16,5964.57,261,19,7.3,42.58
183,WM,69.49,71.46,-1.97,16948.94,1012.64,261,5,1.9,17.95
184,PHM,69.21,109.21,-40.0,16921.04,9486.6,261,38,14.6,36.57
185,KR,68.6,109.02,-40.42,16859.75,4382.58,261,16,6.1,32.78
186,MLM,67.87,58.35,9.52,16786.57,3749.95,261,17,6.5,27.92
187,FAST,67.52,89.59,-22.07,16751.57,2959.52,261,13,5.0,29.21
188,DAL,66.11,59.85,6.26,16611.2,10610.15,261,42,16.1,44.51
189,SNA,65.98,65.81,0.17,16597.75,2554.8,261,9,3.4,21.76
190,NTAP,64.84,74.92,-10.08,16483.64,6424.48,261,23,8.8,39.65
191,GRMN,63.54,81.37,-17.82,16354.33,5799.52,261,15,5.7,51.63
192,ED,63.11,61.73,1.38,16310.94,872.35,261,9,3.4,21.69
193,EXC,62.96,59.27,3.69,16295.7,1613.6,261,8,3.1,26.12
194,VMC,62.44,50.05,12.4,16244.45,3564.47,261,15,5.7,27.97
195,QCOM,61.66,71.27,-9.61,16165.55,11917.07,261,27,10.3,37.87
196,MTB,61.22,50.39,10.83,16122.09,5211.36,261,18,6.9,35.45
197,EVRG,60.91,60.14,0.76,16090.68,796.28,261,7,2.7,29.68
198,BKNG,60.46,71.25,-10.8,16045.69,7597.85,261,28,10.7,39.24
199,MRK,60.23,73.32,-13.09,16023.31,2710.35,261,14,5.4,41.86
200,NFLX,60.08,78.7,-18.63,16007.51,11693.98,261,37,14.2,68.68
201,NEM,59.87,72.85,-12.97,15987.29,8352.95,261,37,14.2,60.55
202,EIX,59.76,50.26,9.5,15975.91,3361.79,261,13,5.0,42.08
203,DGX,58.87,59.26,-0.39,15887.05,1781.34,261,11,4.2,27.25
204,TXN,58.51,86.99,-28.48,15851.01,5587.28,261,27,10.3,32.94
205,REG,58.06,50.54,7.52,15806.28,1911.6,261,10,3.8,28.46
206,MSFT,57.8,78.66,-20.86,15780.02,3977.6,261,16,6.1,34.28
207,RF,56.81,46.64,10.17,15680.91,5606.97,261,21,8.0,33.32
208,DE,56.6,69.71,-13.1,15660.31,5014.88,261,24,9.2,30.05
209,AJG,56.25,48.85,7.41,15625.08,2932.93,261,10,3.8,42.52
210,JNJ,55.69,54.1,1.59,15569.3,460.5,261,4,1.5,19.71
211,NOC,55.42,60.3,-4.88,15542.15,3954.11,261,13,5.0,28.53
212,CFG,55.2,54.92,0.28,15520.25,5952.3,261,25,9.6,47.12
213,TSLA,55.16,109.61,-54.45,15515.94,31545.89,261,55,21.1,72.97
214,TDY,55.01,51.96,3.05,15500.76,2595.83,261,14,5.4,29.46
215,TEL,54.93,61.61,-6.68,15493.4,4525.01,261,17,6.5,32.35
216,DRI,54.36,61.73,-7.37,15436.43,4112.13,261,21,8.0,29.9
217,FICO,53.89,135.78,-81.89,15389.36,14629.89,261,38,14.6,61.62
218,MA,53.84,41.61,12.22,15383.65,2673.56,261,9,3.4,24.13
219,EMR,52.99,56.44,-3.45,15299.46,3976.57,261,14,5.4,30.36
220,EQIX,52.37,60.22,-7.85,15237.5,3801.44,261,18,6.9,41.11
221,NXPI,52.26,59.75,-7.49,15225.82,11854.83,261,38,14.6,39.04
222,LHX,51.53,59.13,-7.6,15152.92,2486.2,261,12,4.6,38.71
223,DOV,51.24,51.59,-0.35,15124.15,2579.04,261,13,5.0,34.17
224,EG,51.03,45.95,5.08,15103.3,3660.93,261,13,5.0,22.1
225,PNW,50.89,45.54,5.35,15088.81,997.21,261,6,2.3,26.09
226,ADM,50.18,39.93,10.26,15018.33,4079.69,261,16,6.1,46.0
227,AEE,49.92,47.05,2.88,14992.38,874.68,261,6,2.3,25.34
228,DUK,49.28,45.7,3.58,14927.94,589.16,261,4,1.5,23.68
229,ULTA,49.05,50.61,-1.56,14905.0,9138.36,261,22,8.4,44.87
230,T,48.45,49.16,-0.7,14845.2,2430.39,261,11,4.2,31.86
231,FE,48.08,44.19,3.89,14808.0,1152.53,261,6,2.3,27.66
232,SRE,48.05,55.66,-7.61,14805.41,2364.55,261,10,3.8,29.68
233,V,48.02,52.5,-4.48,14801.75,2086.72,261,10,3.8,30.06
234,CSX,47.68,50.88,-3.2,14768.07,1824.9,261,10,3.8,30.97
235,LNT,47.54,46.81,0.73,14754.08,918.91,261,6,2.3,26.84
236,KEY,47.36,17.44,29.92,14735.97,7860.06,261,26,10.0,54.38
237,PRU,47.22,23.92,23.3,14721.9,3358.57,261,10,3.8,32.07
238,EA,46.61,45.58,1.03,14660.92,2620.04,261,12,4.6,30.47
239,IR,46.49,45.77,0.72,14648.86,6475.21,261,23,8.8,35.84
240,PPL,46.1,43.28,2.83,14610.04,760.17,261,4,1.5,24.57
241,PEG,45.86,45.02,0.84,14586.47,1333.84,261,6,2.3,30.03
242,COF,45.77,29.47,16.31,14577.11,7714.35,261,25,9.6,44.35
243,CI,45.19,20.37,24.82,14519.4,4966.18,261,13,5.0,29.0
244,AON,45.09,32.89,12.2,14509.02,2603.64,261,10,3.8,23.78
245,NDSN,44.95,46.92,-1.97,14494.57,2903.21,261,16,6.1,39.1
246,LMT,44.74,55.72,-10.98,14473.6,2548.56,261,10,3.8,31.86
247,AXON,44.4,206.48,-162.08,14439.81,24624.99,261,43,16.5,62.77
248,KIM,43.96,43.95,0.01,14396.2,3242.51,261,19,7.3,31.89
249,DTE,42.5,39.38,3.12,14250.37,742.73,261,5,1.9,26.91
250,BSX,42.32,33.4,8.93,14232.26,4147.66,261,12,4.6,45.07
251,TMUS,42.27,45.63,-3.36,14226.9,2981.2,261,11,4.2,31.58
252,TXT,42.09,35.58,6.51,14209.11,4131.04,261,16,6.1,35.26
253,FITB,41.71,39.19,2.52,14171.28,5357.66,261,21,8.0,43.94
254,NEE,41.59,36.42,5.17,14158.8,3322.82,261,15,5.7,43.81
255,LII,41.31,55.14,-13.83,14131.4,6721.84,261,32,12.3,42.78
256,PCG,40.37,54.61,-14.25,14036.54,4722.54,261,22,8.4,35.44
257,HBAN,39.98,25.33,14.66,13998.16,5793.65,261,19,7.3,33.35
258,WEC,39.9,35.81,4.09,13990.39,762.16,261,4,1.5,24.16
259,UNP,39.8,38.72,1.08,13980.19,1794.02,261,12,4.6,30.52
260,DLR,39.77,47.9,-8.13,13976.96,3717.74,261,20,7.7,47.02
261,AMGN,39.59,50.72,-11.13,13958.77,2570.19,261,11,4.2,24.4
262,CMS,38.87,32.01,6.85,13886.63,747.16,261,3,1.1,25.81
263,CBRE,38.25,48.65,-10.4,13825.29,4959.95,261,20,7.7,36.3
264,GDDY,38.09,12.27,25.81,13808.59,8642.79,261,22,8.4,61.08
265,MRSH,37.5,31.97,5.53,13749.51,1659.55,261,6,2.3,29.83
266,DLTR,37.46,-15.82,53.27,13745.67,12445.48,261,15,5.7,59.8
267,ICE,37.35,48.61,-11.26,13735.04,1433.86,261,12,4.6,34.99
268,PSA,36.75,31.67,5.07,13674.72,2305.95,261,16,6.1,35.22
269,DDOG,35.08,136.97,-101.89,13508.45,26730.29,261,51,19.5,62.06
270,NVR,34.58,21.05,13.53,13458.08,4421.99,261,19,7.3,39.17
271,HST,33.88,57.58,-23.7,13387.89,4740.27,261,26,10.0,34.53
272,VTRS,33.56,30.58,2.98,13356.12,5280.09,261,27,10.3,42.91
273,MCD,33.13,36.3,-3.17,13312.9,575.93,261,7,2.7,18.92
274,BAC,32.89,36.7,-3.81,13289.42,2922.28,261,15,5.7,43.16
275,PLD,32.57,39.74,-7.18,13256.95,3316.44,261,19,7.3,44.1
276,VRSN,31.7,38.65,-6.95,13170.25,2486.2,261,12,4.6,37.63
277,GM,31.52,36.81,-5.29,13151.85,7319.48,261,40,15.3,56.74
278,ADP,30.01,27.79,2.22,13001.27,1965.15,261,9,3.4,39.77
279,DD,29.43,52.76,-23.33,12943.33,3765.66,261,23,8.8,41.57
280,BLK,29.39,44.85,-15.46,12939.41,2889.35,261,19,7.3,43.6
281,PNC,28.94,34.23,-5.29,12893.68,2931.11,261,22,8.4,42.2
282,MCO,28.61,41.44,-12.83,12861.25,3284.93,261,14,5.4,41.47
283,TTWO,28.35,30.84,-2.49,12835.43,5209.98,261,29,11.1,46.93
284,CHD,28.35,17.57,10.78,12834.64,1274.64,261,2,0.8,30.84
285,LDOS,27.74,29.56,-1.82,12773.88,4504.09,261,16,6.1,34.62
286,BRO,27.53,16.31,11.22,12753.27,3625.86,261,11,4.2,51.79
287,FRT,26.81,25.73,1.09,12681.42,1925.51,261,13,5.0,33.65
288,XEL,26.17,27.86,-1.69,12616.92,1133.07,261,10,3.8,32.74
289,APD,26.06,11.87,14.19,12606.28,3082.15,261,14,5.4,29.33
290,FCX,25.65,57.21,-31.55,12565.45,12724.35,261,47,18.0,54.17
291,YUM,25.41,39.37,-13.96,12540.8,1179.91,261,11,4.2,23.03
292,DHI,25.21,58.14,-32.93,12520.96,8595.68,261,29,11.1,43.33
293,CL,25.13,20.43,4.7,12513.01,747.14,261,5,1.9,27.58
294,UBER,24.82,52.2,-27.38,12481.59,11883.56,261,40,15.3,57.81
295,EXPD,24.56,36.64,-12.08,12456.15,3164.75,261,10,3.8,36.81
296,ISRG,24.38,58.5,-34.11,12438.46,6776.44,261,27,10.3,48.42
297,NSC,23.76,28.41,-4.65,12376.1,2179.81,261,16,6.1,37.02
298,CARR,23.16,57.61,-34.46,12315.79,5966.33,261,26,10.0,40.96
299,FDX,23.09,31.89,-8.8,12308.87,4608.59,261,21,8.0,50.82
300,HSY,22.6,25.29,-2.69,12260.37,2073.59,261,12,4.6,42.62
301,VICI,22.49,19.05,3.44,12248.58,1375.38,261,8,3.1,18.6
302,ESS,22.44,12.86,9.58,12243.96,2031.03,261,7,2.7,40.5
303,F,22.38,40.73,-18.36,12237.8,10874.46,261,42,16.1,54.48
304,HAS,22.38,19.84,2.54,12238.47,4831.91,261,21,8.0,52.21
305,PG,22.17,17.19,4.99,12217.29,702.92,261,2,0.8,23.0
306,MSCI,21.41,35.02,-13.61,12141.03,5421.17,261,21,8.0,46.81
307,O,21.03,22.77,-1.74,12103.43,700.96,261,5,1.9,33.63
308,WST,20.91,-7.34,28.24,12090.75,9749.91,261,20,7.7,56.16
309,BEN,20.58,23.13,-2.55,12057.61,4889.59,261,23,8.8,48.27
310,IVZ,19.77,27.0,-7.23,11977.19,6389.3,261,34,13.0,53.7
311,SW,19.59,-15.82,35.41,11959.02,18232.77,261,39,14.9,43.1
312,CVS,19.56,27.19,-7.63,11956.01,3897.99,261,21,8.0,53.26
313,EQR,19.2,6.56,12.64,11920.04,1691.7,261,5,1.9,37.67
314,USB,18.86,11.35,7.51,11886.2,3655.79,261,17,6.5,43.81
315,UAL,18.51,68.0,-49.49,11851.05,13274.76,261,47,18.0,56.75
316,ITW,17.38,20.85,-3.48,11737.78,1318.24,261,9,3.4,26.56
317,SCHW,17.31,39.57,-22.26,11730.8,5438.8,261,29,11.1,47.93
318,MCHP,16.95,35.8,-18.86,11694.51,11608.08,261,38,14.6,55.06
319,NWS,16.73,22.87,-6.15,11672.59,3237.86,261,20,7.7,39.61
320,LOW,16.34,23.94,-7.59,11634.32,3241.64,261,19,7.3,31.82
321,EXR,15.46,15.91,-0.44,11546.48,4233.66,261,20,7.7,48.11
322,HON,15.4,15.1,0.29,11539.84,1323.9,261,10,3.8,27.42
323,PTC,14.99,10.22,4.77,11499.27,5075.76,261,14,5.4,35.86
324,D,14.94,9.13,5.81,11494.34,1380.74,261,11,4.2,49.16
325,ECL,14.91,22.84,-7.93,11490.98,1980.26,261,11,4.2,42.32
326,ELV,14.9,8.13,6.78,11490.44,4520.52,261,17,6.5,44.48
327,AVB,14.73,9.94,4.79,11473.46,1611.53,261,7,2.7,36.98
328,MDLZ,14.63,11.14,3.49,11462.68,897.66,261,5,1.9,27.49
329,PEP,14.58,18.23,-3.66,11457.78,809.56,261,6,2.3,29.69
330,CPAY,13.93,27.0,-13.07,11392.58,5374.87,261,32,12.3,37.1
331,TFC,13.77,-0.84,14.61,11377.13,4539.37,261,22,8.4,51.57
332,VZ,13.24,12.3,0.93,11323.73,1345.8,261,6,2.3,36.77
333,INCY,13.21,13.99,-0.77,11321.24,3788.18,261,19,7.3,40.19
334,ERIE,13.12,22.2,-9.07,11312.35,6013.75,261,15,5.7,56.39
335,ALB,11.89,18.01,-6.12,11188.93,19196.2,261,58,22.2,82.24
336,HPQ,11.87,-21.86,33.73,11186.59,8487.87,261,19,7.3,40.95
337,TSCO,11.09,-6.29,17.38,11108.85,5406.91,261,10,3.8,49.77
338,PAYX,11.05,9.17,1.88,11105.41,2518.94,261,12,4.6,44.82
339,SHW,10.89,11.77,-0.88,11089.1,2928.0,261,21,8.0,41.25
340,TSN,10.12,-3.58,13.7,11012.36,2468.74,261,9,3.4,47.82
341,AKAM,9.9,32.87,-22.97,10989.86,6023.47,261,19,7.3,40.83
342,J,9.7,4.72,4.98,10970.33,2996.51,261,16,6.1,31.7
343,VLTO,9.46,8.09,1.37,10945.6,724.6,124,4,3.2,24.05
344,PNR,9.11,15.97,-6.87,10910.73,3944.85,261,16,6.1,47.94
345,FTV,8.85,13.45,-4.6,10885.21,2412.33,261,11,4.2,31.9
346,IEX,8.67,0.95,7.72,10867.11,1971.37,261,10,3.8,31.04
347,CPT,8.43,0.84,7.59,10843.39,1691.56,261,8,3.1,47.62
348,WTW,7.98,3.85,4.14,10798.26,2303.3,261,9,3.4,25.42
349,REGN,7.09,23.52,-16.43,10709.19,5163.7,261,27,10.3,56.21
350,SYK,6.88,29.68,-22.79,10688.43,2088.57,261,18,6.9,33.52
351,RMD,6.8,7.34,-0.54,10680.21,5907.7,261,21,8.0,47.9
352,BX,6.61,55.71,-49.1,10660.91,10044.08,261,36,13.8,55.45
353,OMC,6.09,5.54,0.55,10608.56,4501.87,261,15,5.7,32.2
354,JKHY,6.0,-4.71,10.71,10599.79,2429.91,261,8,3.1,30.73
355,STE,5.34,17.54,-12.19,10534.44,3139.86,261,18,6.9,34.26
356,LH,5.31,15.79,-10.49,10530.75,1960.95,261,16,6.1,32.65
357,NOW,5.18,9.76,-4.58,10518.23,14383.62,261,40,15.3,65.77
358,ES,5.01,-1.98,6.99,10501.34,1891.05,261,8,3.1,39.94
359,UDR,4.9,-1.85,6.75,10489.6,1797.3,261,12,4.6,42.32
360,HD,4.51,7.24,-2.73,10450.99,2297.2,261,14,5.4,34.75
361,SPGI,4.45,16.18,-11.73,10444.7,2455.26,261,12,4.6,42.29
362,SYY,4.17,4.63,-0.45,10417.34,2426.84,261,13,5.0,27.19
363,OTIS,3.54,-0.43,3.96,10353.69,1907.3,261,7,2.7,30.47
364,MAA,2.97,-2.59,5.57,10297.04,1578.84,261,8,3.1,44.68
365,UNH,2.37,4.28,-1.91,10237.05,5644.73,261,17,6.5,54.57
366,BMY,2.05,4.57,-2.52,10204.76,1947.26,261,11,4.2,46.22
367,IDXX,1.76,1.21,0.54,10175.83,6311.36,261,23,8.8,56.69
368,SJM,0.9,-8.71,9.61,10089.66,2110.5,261,6,2.3,36.01
369,CMG,0.49,25.77,-25.27,10049.46,7492.56,261,31,11.9,52.68
370,ABNB,0.39,-1.4,1.78,10038.71,14110.7,261,40,15.3,50.48
371,CPRT,0.29,7.79,-7.5,10028.93,3451.85,261,16,6.1,48.94
372,MAS,-0.46,17.35,-17.81,9953.7,4171.95,261,31,11.9,36.92
373,GPC,-0.5,-18.16,17.67,9950.46,4241.11,261,13,5.0,35.45
374,INVH,-0.9,-5.67,4.77,9910.29,1963.28,261,8,3.1,35.73
375,GEN,-1.66,1.18,-2.84,9833.7,4975.74,261,14,5.4,41.46
376,BLDR,-1.76,56.72,-58.49,9823.58,24562.22,261,50,19.2,68.31
377,BR,-1.89,2.33,-4.22,9810.71,2152.34,261,12,4.6,44.9
378,NWSA,-2.68,1.6,-4.27,9732.23,2747.54,261,20,7.7,44.33
379,EXPE,-2.81,28.41,-31.22,9718.8,11995.1,261,37,14.2,58.59
380,XYL,-3.47,0.92,-4.38,9653.18,2808.26,261,17,6.5,42.05
381,SBUX,-3.47,7.52,-11.0,9652.55,4150.94,261,22,8.4,45.71
382,UHS,-4.78,9.86,-14.64,9521.62,4957.43,261,19,7.3,40.29
383,KDP,-4.85,-7.97,3.12,9514.97,1326.74,261,7,2.7,27.16
384,VRSK,-5.24,2.25,-7.48,9476.35,2685.9,261,12,4.6,50.74
385,HSIC,-5.29,-8.46,3.17,9471.08,2417.71,261,14,5.4,31.88
386,MGM,-5.68,-7.02,1.33,9431.57,10068.21,261,42,16.1,46.92
387,MMM,-6.26,7.57,-13.83,9374.45,2805.81,261,17,6.5,53.1
388,DASH,-8.53,18.74,-27.26,9147.25,15841.33,261,55,21.1,81.58
389,KMB,-10.3,-12.32,2.02,8969.98,1229.19,261,3,1.1,29.09
390,WAT,-10.97,6.66,-17.63,8903.05,5854.27,261,30,11.5,43.0
391,AOS,-11.02,-9.82,-1.2,8898.18,3193.03,261,15,5.7,41.51
392,BDX,-13.28,-17.58,4.3,8672.33,1925.46,261,12,4.6,36.07
393,ALLE,-13.29,-0.3,-12.99,8671.45,2487.54,261,15,5.7,38.79
394,ABT,-13.81,-18.02,4.21,8618.99,1728.29,261,7,2.7,36.75
395,TAP,-13.86,-14.35,0.5,8614.17,2726.84,261,13,5.0,36.67
396,KVUE,-13.93,-18.79,4.86,8607.06,2036.68,146,6,4.1,38.88
397,FISV,-14.58,-50.57,35.99,8541.85,8414.29,261,12,4.6,66.33
398,INTU,-14.62,-4.24,-10.38,8537.53,8581.06,261,35,13.4,60.48
399,CNC,-14.87,-18.9,4.03,8513.33,7151.45,261,27,10.3,65.66
400,DPZ,-15.0,-23.32,8.31,8499.9,4532.91,261,17,6.5,43.44
401,EW,-15.07,-11.22,-3.85,8493.24,4869.28,261,29,11.1,61.17
402,LYB,-15.24,-4.84,-10.4,8475.93,4894.54,261,27,10.3,53.45
403,AVY,-15.7,-21.31,5.62,8430.37,2151.9,261,6,2.3,29.87
404,DXCM,-15.87,-24.38,8.51,8412.66,14371.31,261,34,13.0,67.95
405,CTSH,-16.11,-22.23,6.12,8388.91,3460.29,261,18,6.9,46.12
406,INTC,-16.24,111.27,-127.51,8376.13,9978.55,261,45,17.2,69.3
407,GEHC,-17.08,-19.44,2.36,8292.21,3298.01,166,11,6.6,35.72
408,LEN,-17.12,-1.91,-15.21,8287.61,7765.51,261,31,11.9,55.43
409,IT,-18.01,-32.97,14.96,8199.33,8073.92,261,22,8.4,65.49
410,AWK,-18.34,-10.25,-8.1,8165.68,1492.82,261,10,3.8,43.16
411,TMO,-19.17,-3.71,-15.46,8083.08,3451.61,261,14,5.4,43.99
412,MOS,-19.23,-31.51,12.28,8076.94,13652.33,261,35,13.4,57.45
413,ACN,-19.52,-32.69,13.17,8047.64,4037.07,261,13,5.0,52.7
414,WY,-20.34,-24.36,4.02,7965.79,2758.28,261,16,6.1,43.31
415,AMCR,-20.44,-22.99,2.55,7955.87,2443.85,261,6,2.3,33.61
416,A,-20.44,-12.15,-8.29,7955.57,3772.86,261,22,8.4,47.94
417,HUM,-20.7,-26.9,6.2,7929.66,6962.33,261,30,11.5,63.22
418,EFX,-21.33,-27.01,5.68,7866.79,6230.86,261,19,7.3,45.68
419,FDS,-22.13,-27.95,5.82,7787.08,3387.58,261,8,3.1,57.12
420,PFE,-22.18,-18.42,-3.75,7782.46,2604.4,261,11,4.2,58.24
421,MTD,-22.47,-15.76,-6.71,7753.42,4959.67,261,23,8.8,48.16
422,LVS,-22.61,-7.99,-14.62,7738.74,7651.97,261,35,13.4,53.34
423,ROP,-22.94,-22.0,-0.94,7705.99,1399.72,261,9,3.4,44.29
424,STZ,-23.26,-31.69,8.43,7673.92,2123.92,261,8,3.1,47.42
425,MDT,-23.75,-28.91,5.15,7624.63,1048.64,261,6,2.3,42.08
426,DOW,-24.07,-25.79,1.72,7592.92,4198.66,261,27,10.3,61.08
427,CDW,-24.15,-34.11,9.96,7585.27,4709.14,261,16,6.1,54.65
428,BA,-24.41,-3.09,-21.32,7559.18,5884.1,261,33,12.6,54.35
429,TYL,-25.56,-20.5,-5.06,7443.91,5275.78,261,20,7.7,52.7
430,TRMB,-26.5,-28.32,1.83,7350.48,4899.1,261,23,8.8,54.04
431,ADSK,-27.19,-13.4,-13.79,7280.96,5632.46,261,29,11.1,52.32
432,CCL,-27.7,-9.1,-18.6,7230.0,11858.77,261,63,24.1,73.94
433,WYNN,-28.4,-22.23,-6.16,7160.49,7949.13,261,38,14.6,57.1
434,DOC,-28.7,-23.21,-5.5,7129.92,1766.76,261,16,6.1,51.6
435,GNRC,-29.19,-17.98,-11.21,7080.75,11268.12,261,50,19.2,78.94
436,SWKS,-29.76,-52.23,22.47,7023.77,6947.18,261,30,11.5,61.54
437,KHC,-30.02,-32.42,2.39,6997.83,1424.73,261,6,2.3,37.89
438,AES,-30.6,-30.26,-0.34,6940.06,5969.53,261,36,13.8,65.54
439,CRM,-31.14,-18.62,-12.52,6886.43,7152.39,261,28,10.7,60.02
440,TGT,-31.31,-35.26,3.95,6869.45,5131.07,261,25,9.6,62.96
441,BIIB,-31.71,-33.03,1.32,6829.22,6797.05,261,16,6.1,69.01
442,BBY,-31.71,-36.87,5.16,6829.05,6842.37,261,26,10.0,54.14
443,BXP,-31.73,-29.81,-1.92,6827.09,4370.71,261,22,8.4,60.78
444,TROW,-31.74,-32.3,0.56,6826.1,3252.1,261,15,5.7,59.97
445,GIS,-31.9,-35.92,4.02,6810.38,1269.4,261,6,2.3,55.85
446,SBAC,-32.52,-25.4,-7.12,6747.98,3496.23,261,19,7.3,55.4
447,CMCSA,-33.27,-43.64,10.37,6672.62,2630.03,261,9,3.4,47.1
448,BALL,-33.36,-31.86,-1.49,6664.27,3618.28,261,19,7.3,50.33
449,PPG,-33.68,-35.21,1.53,6631.78,2442.19,261,19,7.3,47.17
450,AMT,-33.74,-17.75,-15.99,6626.03,2344.97,261,23,8.8,49.35
451,DHR,-34.08,-25.8,-8.28,6592.15,3495.16,261,20,7.7,50.31
452,UPS,-35.36,-44.69,9.34,6464.42,3037.03,261,16,6.1,51.22
453,DIS,-37.2,-37.93,0.73,6280.11,2788.07,261,13,5.0,54.03
454,COIN,-37.61,-22.14,-15.47,6238.62,28474.44,253,73,28.9,86.7
455,WBD,-38.09,-14.91,-23.18,6190.55,9205.88,261,48,18.4,77.24
456,ZBH,-39.22,-45.21,5.99,6078.06,2338.35,261,16,6.1,43.88
457,IFF,-40.14,-39.53,-0.61,5986.12,3592.84,261,17,6.5,56.3
458,IP,-40.86,-36.66,-4.2,5914.39,4327.02,261,20,7.7,45.86
459,LUV,-41.2,-30.89,-10.31,5879.59,5341.59,261,39,14.9,63.1
460,ZBRA,-41.45,-47.34,5.9,5855.33,6201.74,261,31,11.9,65.21
461,DG,-41.66,-43.58,1.92,5833.9,5191.62,261,18,6.9,64.17
462,ADBE,-41.87,-48.01,6.14,5813.1,7427.14,261,33,12.6,63.8
463,COO,-42.1,-37.33,-4.77,5789.73,3119.48,261,22,8.4,51.36
464,RVTY,-42.33,-34.58,-7.75,5767.41,5064.49,261,27,10.3,61.39
465,CLX,-42.54,-39.19,-3.35,5746.27,2266.61,261,15,5.7,49.78
466,CPB,-43.36,-49.73,6.36,5663.54,1899.21,261,8,3.1,55.8
467,CVNA,-44.07,36.57,-80.64,5592.88,13292.69,261,74,28.4,98.94
468,MKC,-45.11,-42.72,-2.39,5489.06,1890.57,261,13,5.0,53.36
469,NCLH,-46.17,-47.51,1.33,5382.8,14705.3,261,61,23.4,66.61
470,IQV,-46.26,-27.0,-19.25,5374.33,4401.19,261,27,10.3,57.24
471,CCI,-46.47,-38.64,-7.83,5353.47,2057.68,261,19,7.3,58.79
472,HRL,-47.21,-51.36,4.16,5279.41,1593.84,261,6,2.3,53.15
473,CAG,-47.61,-53.23,5.62,5238.99,1543.77,261,7,2.7,56.25
474,WDAY,-47.96,-44.79,-3.17,5204.17,7302.9,261,31,11.9,63.5
475,ZTS,-49.18,-53.5,4.32,5081.84,3003.97,261,14,5.4,65.65
476,TTD,-50.17,-59.01,8.84,4982.84,36336.53,261,48,18.4,77.65
477,SWK,-50.88,-57.16,6.28,4912.18,4499.8,261,33,12.6,67.92
478,GPN,-53.23,-63.22,9.99,4677.45,5133.85,261,27,10.3,57.37
479,APTV,-53.81,-61.39,7.59,4619.31,6854.27,261,32,12.3,69.08
480,LULU,-55.38,-62.32,6.94,4462.23,10874.11,261,38,14.6,68.83
481,PODD,-55.7,-39.67,-16.02,4430.43,9331.34,261,30,11.5,66.97
482,FIS,-55.73,-67.46,11.74,4427.49,3843.73,261,20,7.7,59.23
483,POOL,-56.51,-54.81,-1.7,4348.6,5224.14,261,25,9.6,66.83
484,XYZ,-56.68,-65.53,8.85,4331.57,11912.14,261,51,19.5,81.84
485,VEEV,-57.23,-37.92,-19.31,4277.12,5925.26,261,32,12.3,68.53
486,CRL,-59.96,-54.11,-5.85,4003.87,7055.88,261,37,14.2,78.94
487,EL,-59.99,-71.11,11.12,4000.63,6543.52,261,34,13.0,82.36
488,TECH,-62.89,-55.63,-7.26,3710.95,5765.9,261,35,13.4,72.39
489,NKE,-64.66,-65.54,0.88,3533.53,5032.74,261,26,10.0,71.35
490,BF-B,-64.75,-63.41,-1.34,3525.03,2475.91,261,17,6.5,65.81
491,MRNA,-65.49,-71.01,5.52,3451.14,26182.72,261,57,21.8,89.88
492,BAX,-66.9,-76.2,9.3,3310.32,3380.04,261,25,9.6,71.43
493,CSGP,-67.15,-60.56,-6.58,3285.28,5125.48,261,26,10.0,72.81
494,ALGN,-67.6,-72.99,5.39,3239.79,7691.14,261,35,13.4,82.02
495,ARE,-69.26,-66.94,-2.32,3074.34,3228.98,261,24,9.2,78.54
496,PYPL,-72.04,-82.26,10.22,2796.26,5051.25,261,25,9.6,81.58
497,EPAM,-73.13,-78.73,5.61,2687.49,11644.35,261,38,14.6,83.7
498,PSKY,-73.65,-73.34,-0.31,2635.41,10662.18,261,41,15.7,78.1
499,CHTR,-76.64,-79.67,3.04,2336.2,4328.44,261,25,9.6,80.4
